{
    "installed": {
        "client_id": "575258220181-1hvmhk3r1ggajpk0cbrhm68ncupu0j4e.apps.googleusercontent.com",
        "project_id": "sniperthink-s2sm",
        "auth_uri": "https://accounts.google.com/o/oauth2/auth",
        "token_uri": "https://oauth2.googleapis.com/token",
        "auth_provider_x509_cert_url": "https://www.googleapis.com/oauth2/v1/certs",
        "client_secret": "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",
        "redirect_uris": [
            "http://localhost"
        ]
    }
}